id,name,ovr,rarity,image_url
1,"Shukaku (One-Tail)",82,SILVER RARE,"/images/1 shukaku.png"
2,"Ten-Tails (Jubi)",99,GOLD RARE,"/images/10 jubi.png"
3,"Matatabi (Two-Tails)",83,SILVER RARE,"/images/2 matatabi.png"
4,"Isobu (Three-Tails)",83,SILVER RARE,"/images/3 isobu.png"
5,"Son Goku (Four-Tails)",84,SILVER RARE,"/images/4 son goku.png"
6,"Kokuo (Five-Tails)",84,SILVER RARE,"/images/5 kokuo.png"
7,"Saiken (Six-Tails)",84,SILVER RARE,"/images/6 saiken.png"
8,"Chomei (Seven-Tails)",85,SILVER RARE,"/images/7 chomei.png"
9,"Gyuki (Eight-Tails)",90,GOLD RARE,"/images/8 gyuki.png"
10,"Kurama (Nine-Tails)",94,GOLD RARE,"/images/9 kurama.png"
11,"Akatsuchi",78,BRONZE,"/images/akatsuchi_by_masonengine_dck74fz.png"
12,"Anko Mitarashi",77,BRONZE,"/images/anko.png"
13,"Ao",78,BRONZE,"/images/ao_by_masonengine_dctlrn7.png"
14,"Asuma Sarutobi",84,SILVER RARE,"/images/asuma (2).png"
15,"Boro",75,BRONZE,"/images/boro_by_masonengine_dgaktra.png"
16,"Boruto",75,BRONZE,"/images/boruto_by_masonengine_dgiieib.png"
17,"Boruto Karma",75,BRONZE,"/images/boruto__karma__by_masonengine_dg82x33.png"
18,"Boruto Naruto Next Generation Kagura Karatachi",75,BRONZE,"/images/boruto__naruto_next_generation_kagura_karatachi_by_iennidesign_dboybcc.png"
19,"Boruto Naruto Next Generation Sumire Genin",75,BRONZE,"/images/boruto__naruto_next_generation_sumire__genin__by_iennidesign_dby4bfk.png"
20,"Boruto The Next Generation Araya",75,BRONZE,"/images/boruto__the_next_generation_araya_by_iennidesign_d9yvvtd.png"
21,"Boruto The Next Generation Chouchou Akimichi",75,BRONZE,"/images/boruto__the_next_generation_chouchou_akimichi_by_iennidesign_d9u9vif.png"
22,"Boruto The Next Generation Inojin Yamanaka",75,BRONZE,"/images/boruto__the_next_generation_inojin_yamanaka_by_iennidesign_d9r99iy.png"
23,"Boruto The Next Generation Shikadai Nara",75,BRONZE,"/images/boruto__the_next_generation_shikadai_nara_by_iennidesign_d9sg03s.png"
24,"Boruto The Next Generation Shinki",75,BRONZE,"/images/boruto__the_next_generation_shinki_by_iennidesign_d9t5gmx.png"
25,"Boruto The Next Generation Yodo",75,BRONZE,"/images/boruto__the_next_generation_yodo_by_iennidesign_d9ska39.png"
26,"Cee",76,BRONZE,"/images/cee_by_masonengine_dck1sap.png"
27,"Lady Chiyo",85,SILVER RARE,"/images/chiyo_by_masonengine_dcf47mc.png"
28,"Choji (1)",75,BRONZE,"/images/choji (1).png"
29,"Choji Akimichi (Butterfly Mode)",85,SILVER RARE,"/images/choji (2).png"
30,"Choji Akimichi (Part 1)",66,BRONZE,"/images/choji (3).png"
31,"Chojuro (6th Mizukage)",85,SILVER RARE,"/images/chojuro_by_masonengine_dctotwa.png"
32,"Danzo Shimura",88,SILVER RARE,"/images/danzo.png"
33,"Darui (Black Lightning)",87,SILVER RARE,"/images/darui__awakening_mode__by_masonengine_d9py9au.png"
34,"Deidara",87,SILVER RARE,"/images/deidara_by_masonengine_d9cpgx1.png"
35,"Deidara Reanimation",75,BRONZE,"/images/deidara__reanimation__by_masonengine_dc49b42.png"
36,"Delta",75,BRONZE,"/images/delta_by_masonengine_dgnr4y5.png"
37,"Foo Yamanaka",77,BRONZE,"/images/foo.png"
38,"Fuu (Seven-Tails Jinchuriki)",86,SILVER RARE,"/images/fuu_by_masonengine_dc8rtcz.png"
39,"Fuu Reanimation",75,BRONZE,"/images/fuu__reanimation__by_masonengine_dc8rtff.png"
40,"Gaara (Great War Kazekage)",90,GOLD RARE,"/images/gaara__great_war_ninja__by_masonengine_d83yaci.png"
41,"Gaara (5th Kazekage)",88,SILVER RARE,"/images/gaara__kage_summit__by_masonengine_d8lx0mb.png"
42,"Gaara (Part 1)",76,BRONZE,"/images/gaara__part_1___second_suit__by_masonengine_d977sxm.png"
43,"Might Guy (Base)",88,SILVER RARE,"/images/guy (1).png"
44,"Might Guy (8 Gates)",98,GOLD RARE,"/images/guy (2).png"
45,"Haku",75,BRONZE,"/images/haku_by_masonengine_d8htn3u.png"
46,"Haku (Reanimation)",78,BRONZE,"/images/haku__reanimation__by_masonengine_daock82.png"
47,"Hanzo of the Salamander",89,GOLD RARE,"/images/hanzo__alive__by_masonengine_dbfnkol.png"
48,"Hanzo (Reanimation)",88,SILVER RARE,"/images/hanzo__reanimation__by_masonengine_dbfnkdb.png"
49,"Han (Five-Tails Jinchuriki)",86,SILVER RARE,"/images/han_by_masonengine_dc8933q.png"
50,"Han Reanimation",75,BRONZE,"/images/han__reanimation__by_masonengine_dc893ek.png"
51,"Hashirama Senju (Sage Mode)",97,GOLD RARE,"/images/hashirama (3).png"
52,"Hashirama (4)",75,BRONZE,"/images/hashirama (4).png"
53,"Hidan",85,SILVER RARE,"/images/hidan_by_masonengine_d99szqx.png"
54,"Hinata (1)",75,BRONZE,"/images/hinata (1).png"
55,"Hinata Hyuga (Twin Lion)",82,SILVER RARE,"/images/hinata (2).png"
56,"Hinata Hyuga (Part 1)",64,BRONZE,"/images/hinata (3).png"
57,"Hiruzen Sarutobi (3rd Hokage)",91,GOLD RARE,"/images/hiruzen (1).png"
58,"Hiruzen (2)",75,BRONZE,"/images/hiruzen (2).png"
59,"Ino (1)",75,BRONZE,"/images/ino (1).png"
60,"Ino Yamanaka (Part 1)",63,BRONZE,"/images/ino (2).png"
61,"Ino Yamanaka (Shippuden)",75,BRONZE,"/images/ino (3).png"
62,"Itachi Uchiha (Anbu/Akatsuki)",94,GOLD RARE,"/images/itachi_by_masonengine_d88z9zy.png"
63,"Itachi Reanimation",75,BRONZE,"/images/itachi__reanimation__by_masonengine_d96b7jt.png"
64,"Jigen",75,BRONZE,"/images/jigen_by_masonengine_dhcaxd3.png"
65,"Jiraiya (Sage Mode)",93,GOLD RARE,"/images/jiraiya (1).png"
66,"Jirobo",72,BRONZE,"/images/jirobo_by_masonengine_dcimbkz.png"
67,"Jugo (Curse Mark)",80,SILVER RARE,"/images/jugo_by_masonengine_d882e00.png"
68,"Kabuto Yakushi (Part 1)",79,BRONZE,"/images/kabuto_by_masonengine_d7t1mey.png"
69,"Kabuto Yakushi (Sage Mode)",95,GOLD RARE,"/images/kabuto__sage_mode__by_masonengine_d80t45t.png"
70,"Kabuto Yakushi (Snake Cloak)",88,SILVER RARE,"/images/kabuto__snake_cloak__by_masonengine_d92sf2g.png"
71,"Kaguya Otsutsuki",99,GOLD RARE,"/images/kaguya_by_masonengine_d93aifc.png"
72,"Kakashi (1)",75,BRONZE,"/images/kakashi (1).png"
73,"Kakashi (2)",75,BRONZE,"/images/kakashi (2).png"
74,"Kakashi (3) Double Sharinggan",75,BRONZE,"/images/kakashi (3) double sharinggan.png"
75,"Kakashi (7) Hokage",75,BRONZE,"/images/kakashi (7) hokage.png"
76,"Kakuzu",88,SILVER RARE,"/images/kakuzu_by_masonengine_d8357u5.png"
77,"Kakuzu Reanimation",75,BRONZE,"/images/kakuzu__reanimation__by_masonengine_dc3nrky.png"
78,"Kankuro (Shippuden)",77,BRONZE,"/images/kankuro_by_masonengine_d9d6sot.png"
79,"Kankuro (War Arc)",81,SILVER RARE,"/images/kankuro__great_war_ninja__by_masonengine_d9qdt2d.png"
80,"Kankuro (Part 1)",68,BRONZE,"/images/kankuro__part_1___first_suit__by_masonengine_dcbco6b.png"
81,"Karin Uzumaki",74,BRONZE,"/images/karin_by_masonengine_d8db18z.png"
82,"Kawaki",75,BRONZE,"/images/kawaki_by_masonengine_dgiif7c.png"
83,"Kawaki Karma",75,BRONZE,"/images/kawaki__karma__by_masonengine_dg75ry8.png"
84,"Kiba Inuzuka (War Arc)",78,BRONZE,"/images/kiba (1).png"
85,"Kiba Inuzuka (Part 1)",65,BRONZE,"/images/kiba (2).png"
86,"Kiba Inuzuka (Shippuden)",75,BRONZE,"/images/kiba (3).png"
87,"Kidomaru",73,BRONZE,"/images/kidomaru_by_masonengine_dchxyjf.png"
88,"Killer Bee (Samehada)",92,GOLD RARE,"/images/killer_bee__samehada__by_masonengine_d8i8sw0.png"
89,"Kimimaro Kaguya",84,SILVER RARE,"/images/kimimaro_by_masonengine_dcc0xyo.png"
90,"Kinshiki Otsutsuki",75,BRONZE,"/images/kinshiki_otsutsuki.png"
91,"Kisame Hoshigaki",90,GOLD RARE,"/images/kisame_by_masonengine_d8i40vq.png"
92,"Koji Kashin",75,BRONZE,"/images/koji_kashin_by_masonengine_dgwfo6q.png"
93,"Konan",88,SILVER RARE,"/images/konan_by_masonengine_d8tok2b.png"
94,"Konohamaru Sarutobi (Part 1)",60,BRONZE,"/images/konohamaru (1).png"
95,"Kurenai Yuhi",78,BRONZE,"/images/kurenai (1).png"
96,"Kurotsuchi (Jonin)",79,BRONZE,"/images/kurotsuchi_by_masonengine_dckkjz5.png"
97,"Kushina Uzumaki",85,SILVER RARE,"/images/kushina.png"
98,"Madara Uchiha (Alive / EMS)",96,GOLD RARE,"/images/madara__alive__by_masonengine_daocl6g.png"
99,"Madara Reanimation Resolved",75,BRONZE,"/images/madara__reanimation_resolved__by_masonengine_d7vy5n3.png"
100,"Madara Uchiha (Six Paths)",99,GOLD RARE,"/images/madara__six_paths__by_masonengine_d8x05ro.png"
101,"Mei Terumi (5th Mizukage)",89,GOLD RARE,"/images/mei_terumi_by_masonengine_d8d6hi2.png"
102,"Mifune (Samurai Leader)",85,SILVER RARE,"/images/mifune_by_masonengine_dbwan2x.png"
103,"Minato Namikaze (4th Hokage)",96,GOLD RARE,"/images/minato (4).png"
104,"Minato (5)",75,BRONZE,"/images/minato (5).png"
105,"Minato (6)",75,BRONZE,"/images/minato (6).png"
106,"Mitsuki",78,BRONZE,"/images/mitauki (1).png"
107,"Momoshiki Otsutsuki",75,BRONZE,"/images/momoshiki_otsutsuki.png"
108,"Nagato Reanimation",75,BRONZE,"/images/nagato__reanimation__by_masonengine_d965vgd.png"
109,"Naruto Uzumaki (Base Shippuden)",80,SILVER RARE,"/images/naruto_by_masonengine_d87xn8m.png"
110,"Ashura Otsutsuki",98,GOLD RARE,"/images/naruto_shippuden____ashura_otsutsuki_by_stormgames_dcwr431.png"
111,"Indra Otsutsuki",98,GOLD RARE,"/images/naruto_shippuden____indra_otsutsuki_by_stormgames_dcreuih.png"
112,"Naruto Baryon Mode",75,BRONZE,"/images/naruto__baryon_mode__by_masonengine_dg67ve5.png"
113,"Naruto Uzumaki (Bijuu Mode)",95,GOLD RARE,"/images/naruto__biju_s_mode__by_masonengine_dbgikfz.png"
114,"Naruto Uzumaki (KCM Link)",94,GOLD RARE,"/images/naruto__kurama_link_mode__by_masonengine_d8q0d2u.png"
115,"Naruto Uzumaki (Part 1)",68,BRONZE,"/images/naruto__part_1__by_masonengine_daim8u2.png"
116,"Naruto Uzumaki (Sage Mode)",91,GOLD RARE,"/images/naruto__sage_mode__by_masonengine_d7scfab.png"
117,"Naruto Uzumaki (Six Paths Mode)",99,GOLD RARE,"/images/naruto__sage_of_the_six_paths_mode__by_masonengine_d8a5q84.png"
118,"Naruto Uzumaki (7th Hokage)",98,GOLD RARE,"/images/naruto__seventh_hokage__by_masonengine_d9tsgqe.png"
119,"Neji Hyuga (Shippuden)",82,SILVER RARE,"/images/neji (1).png"
120,"Neji Hyuga (War Arc)",85,SILVER RARE,"/images/neji (2).png"
121,"Neji (4)",75,BRONZE,"/images/neji (4).png"
122,"Obito Uchiha (Tobi)",82,SILVER RARE,"/images/obito.png"
123,"Obito Uchiha (Rampaging)",89,GOLD RARE,"/images/obito__rampaging__by_masonengine_d8t4bai.png"
124,"Obito Uchiha (Ten-Tails)",98,GOLD RARE,"/images/obito__ten_tails_jinchuriki__by_masonengine_d8u309w.png"
125,"Obito Uchiha (Unmasked)",94,GOLD RARE,"/images/obito__unmasked__by_masonengine_d7u7ejs.png"
126,"Ohnoki (3rd Tsuchikage)",91,GOLD RARE,"/images/ohnoki_by_masonengine_d8gzv0g.png"
127,"Orochimaru",92,GOLD RARE,"/images/orochimaru_by_masonengine_d8hxov2.png"
128,"Orochimaru (Akatsuki)",91,GOLD RARE,"/images/orochimaru__akatsuki_inception__by_masonengine_d7t6bsc.png"
129,"Pain (Deva Path)",95,GOLD RARE,"/images/pain_by_masonengine_damsdub.png"
130,"Ay (4th Raikage)",91,GOLD RARE,"/images/raikage__ay__haori_jacket__by_masonengine_d8gjayz.png"
131,"Rin Nohara",62,BRONZE,"/images/rin.png"
132,"Rock Lee (1)",75,BRONZE,"/images/rock lee (1).png"
133,"Rock Lee (2)",75,BRONZE,"/images/rock lee (2).png"
134,"Rock Lee (6 Gates)",88,SILVER RARE,"/images/rock lee (3).png"
135,"Roshi (Four-Tails Jinchuriki)",86,SILVER RARE,"/images/roshi_by_masonengine_d8x8yzc.png"
136,"Sai (Base)",78,BRONZE,"/images/sai (2).png"
137,"Sai (3)",75,BRONZE,"/images/sai (3).png"
138,"Sakon & Ukon",74,BRONZE,"/images/sakon_by_masonengine_dch0i8o.png"
139,"Sakura (1)",75,BRONZE,"/images/sakura (1).png"
140,"Sakura (2)",75,BRONZE,"/images/sakura (2).png"
141,"Sakura (3)",75,BRONZE,"/images/sakura (3).png"
142,"Sakura (4) Byakugo",75,BRONZE,"/images/sakura (4) byakugo.png"
143,"Iron Country Samurai",65,BRONZE,"/images/samurai_by_masonengine_dc5gkn4.png"
144,"Sarada (1)",75,BRONZE,"/images/sarada (1).png"
145,"Sarada Awakening Mode",75,BRONZE,"/images/sarada__awakening_mode__by_masonengine_dgiifdz.png"
146,"Sasori",88,SILVER RARE,"/images/sasori_by_masonengine_dcf47us.png"
147,"Sasori Reanimation",75,BRONZE,"/images/sasori__reanimation__by_masonengine_d9yvxzb.png"
148,"Sasuke (1)",75,BRONZE,"/images/sasuke (1).png"
149,"Sasuke (2) Hebi",75,BRONZE,"/images/sasuke (2) hebi.png"
150,"Sasuke (3) Black Custom",75,BRONZE,"/images/sasuke (3) black custom.png"
151,"Sasuke (4) Taka",75,BRONZE,"/images/sasuke (4) taka.png"
152,"Sasuke (5) War Arc",75,BRONZE,"/images/sasuke (5) war arc.png"
153,"Sasuke (6) Rinne Sharinggan",75,BRONZE,"/images/sasuke (6) rinne sharinggan.png"
154,"Sasuke (7) Support Kage",75,BRONZE,"/images/sasuke (7) support kage.png"
155,"Shikamaru (1)",75,BRONZE,"/images/shikamaru (1).png"
156,"Shikamaru Nara (War Arc Chief)",85,SILVER RARE,"/images/shikamaru (2).png"
157,"Shikamaru Nara (Part 1)",70,BRONZE,"/images/shikamaru (3).png"
158,"Shino (1)",75,BRONZE,"/images/shino (1).png"
159,"Shino Aburame (War Arc)",80,SILVER RARE,"/images/shino (2).png"
160,"Shino Aburame (Part 1)",68,BRONZE,"/images/shino (3).png"
161,"Shisui Uchiha",94,GOLD RARE,"/images/shisui.png"
162,"Shizune",76,BRONZE,"/images/shizune.png"
163,"Suigetsu Hozuki",80,SILVER RARE,"/images/suigetsu_by_masonengine_d8dul9t.png"
164,"Tayuya",73,BRONZE,"/images/tayuya_by_masonengine_dchd6a4.png"
165,"Temari (Shippuden)",79,BRONZE,"/images/temari_by_masonengine_d85kj3g.png"
166,"Temari (War Arc)",82,SILVER RARE,"/images/temari__great_war_ninja__by_masonengine_d9q918b.png"
167,"Temari (Part 1)",70,BRONZE,"/images/temari__part_1___second_suit__by_masonengine_dcat4t6.png"
168,"Tenten (Shippuden)",74,BRONZE,"/images/tenten (1).png"
169,"Tenten (2)",75,BRONZE,"/images/tenten (2).png"
170,"Tenten (Bashosen / War Arc)",78,BRONZE,"/images/tenten (3).png"
171,"Rasa (4th Kazekage)",88,SILVER RARE,"/images/the_fourth_kazekage__reanimation__by_masonengine_d847n1g.png"
172,"Gengetsu (2nd Mizukage)",90,GOLD RARE,"/images/the_second_mizukage__reanimation__by_masonengine_d8l9ntr.png"
173,"Mu (2nd Tsuchikage)",92,GOLD RARE,"/images/the_second_tsuchikage__reanimation__by_masonengine_d7to5b4.png"
174,"A (3rd Raikage)",93,GOLD RARE,"/images/the_third_raikage__reanimation__by_masonengine_d8hbt3q.png"
175,"Tobirama Senju (2nd Hokage)",95,GOLD RARE,"/images/tobirama (1).png"
176,"Tobirama (2)",75,BRONZE,"/images/tobirama (2).png"
177,"Tobi (Akatsuki)",80,SILVER RARE,"/images/tobi_by_masonengine_d8lxobr.png"
178,"Tobi Great War Ninja",75,BRONZE,"/images/tobi__great_war_ninja__by_masonengine_d8ctsty.png"
179,"Toneri Otsutsuki",75,BRONZE,"/images/toneri_otsutsuki.png"
180,"Torune Aburame",78,BRONZE,"/images/torune.png"
181,"Tsunade Senju (5th Hokage)",92,GOLD RARE,"/images/tsunade.png"
182,"Utakata (Six-Tails Jinchuriki)",86,SILVER RARE,"/images/utakata_by_masonengine_d98p98e.png"
183,"Utakata Reanimation",75,BRONZE,"/images/utakata__reanimation__by_masonengine_daockmw.png"
184,"Yagura (4th Mizukage)",87,SILVER RARE,"/images/yagura_by_masonengine_dc6456b.png"
185,"Yagura Reanimation",75,BRONZE,"/images/yagura__reanimation__by_masonengine_dc6458n.png"
186,"Yamato (Wood Release)",85,SILVER RARE,"/images/yamato (2).png"
187,"Yugito Nii (Two-Tails Jinchuriki)",86,SILVER RARE,"/images/yugito_nii_by_masonengine_dc6hyy1.png"
188,"Yugito Nii Reanimation",75,BRONZE,"/images/yugito_nii__reanimation__by_masonengine_dc6hz09.png"
189,"Zabuza Momochi",81,SILVER RARE,"/images/zabuza_by_masonengine_d81wxee.png"
190,"Zabuza Momochi (Reanimation)",83,SILVER RARE,"/images/zabuza__reanimation__by_masonengine_daocjrd.png"